{
    "Camera0": {
        "matrix_world": [
            [
                1.0,
                0.0,
                0.0,
                0.0
            ],
            [
                0.0,
                0.13917310535907745,
                -0.9902680516242981,
                0.0
            ],
            [
                0.0,
                0.9902680516242981,
                0.13917310535907745,
                0.0
            ],
            [
                0.0,
                0.0,
                0.0,
                1.0
            ]
        ],
        "location": [
            0.0,
            0.0,
            0.0
        ],
        "lens": 15.0,
        "sensor_width": 36.0,
        "sensor_height": 24.0
    },
    "Camera1": {
        "matrix_world": [
            [
                0.7071068286895752,
                0.1106155514717102,
                -0.698401153087616,
                0.0
            ],
            [
                -0.7071067690849304,
                0.1106155589222908,
                -0.6984012126922607,
                0.0
            ],
            [
                0.0,
                0.987688422203064,
                0.15643401443958282,
                0.0
            ],
            [
                0.0,
                0.0,
                0.0,
                1.0
            ]
        ],
        "location": [
            0.0,
            0.0,
            0.0
        ],
        "lens": 15.0,
        "sensor_width": 36.0,
        "sensor_height": 24.0
    },
    "Camera2": {
        "matrix_world": [
            [
                0.7071067690849304,
                -0.24184460937976837,
                0.6644631028175354,
                0.0
            ],
            [
                0.7071067690849304,
                0.24184460937976837,
                -0.6644630432128906,
                0.0
            ],
            [
                0.0,
                0.9396926760673523,
                0.3420199155807495,
                0.0
            ],
            [
                0.0,
                0.0,
                0.0,
                1.0
            ]
        ],
        "location": [
            0.0,
            0.0,
            0.0
        ],
        "lens": 15.0,
        "sensor_width": 36.0,
        "sensor_height": 24.0
    },
    "Camera3": {
        "matrix_world": [
            [
                -4.371138828673793e-08,
                -0.4694715142250061,
                0.8829476237297058,
                0.0
            ],
            [
                1.0,
                -2.052125225304735e-08,
                3.8594869522512454e-08,
                0.0
            ],
            [
                0.0,
                0.8829476237297058,
                0.4694715142250061,
                0.0
            ],
            [
                0.0,
                0.0,
                0.0,
                1.0
            ]
        ],
        "location": [
            0.0,
            0.0,
            0.0
        ],
        "lens": 15.0,
        "sensor_width": 36.0,
        "sensor_height": 24.0
    },
    "Camera4": {
        "matrix_world": [
            [
                -0.7071067690849304,
                -0.20673781633377075,
                0.6762096285820007,
                0.0
            ],
            [
                0.7071067690849304,
                -0.20673781633377075,
                0.6762096285820007,
                0.0
            ],
            [
                0.0,
                0.9563048481941223,
                0.2923714220523834,
                0.0
            ],
            [
                0.0,
                0.0,
                0.0,
                1.0
            ]
        ],
        "location": [
            0.0,
            0.0,
            0.0
        ],
        "lens": 15.0,
        "sensor_width": 36.0,
        "sensor_height": 24.0
    },
    "Camera5": {
        "matrix_world": [
            [
                -1.0,
                1.6681017456221525e-08,
                -8.58165876138628e-08,
                0.0
            ],
            [
                -8.742277657347586e-08,
                -0.19080859422683716,
                0.9816272854804993,
                0.0
            ],
            [
                0.0,
                0.9816272854804993,
                0.19080859422683716,
                0.0
            ],
            [
                0.0,
                0.0,
                0.0,
                1.0
            ]
        ],
        "location": [
            0.0,
            0.0,
            0.0
        ],
        "lens": 15.0,
        "sensor_width": 36.0,
        "sensor_height": 24.0
    },
    "Camera6": {
        "matrix_world": [
            [
                -0.8191520571708679,
                0.1094433069229126,
                -0.5630382299423218,
                0.0
            ],
            [
                -0.5735763907432556,
                -0.15630124509334564,
                0.8041020035743713,
                0.0
            ],
            [
                0.0,
                0.9816272854804993,
                0.19080859422683716,
                0.0
            ],
            [
                0.0,
                0.0,
                0.0,
                1.0
            ]
        ],
        "location": [
            0.0,
            0.0,
            0.0
        ],
        "lens": 15.0,
        "sensor_width": 36.0,
        "sensor_height": 24.0
    },
    "Camera7": {
        "matrix_world": [
            [
                1.1924880638503055e-08,
                0.2419215440750122,
                -0.970295786857605,
                0.0
            ],
            [
                -1.0,
                2.884885663689829e-09,
                -1.157066176205035e-08,
                0.0
            ],
            [
                0.0,
                0.970295786857605,
                0.2419215440750122,
                0.0
            ],
            [
                0.0,
                0.0,
                0.0,
                1.0
            ]
        ],
        "location": [
            0.0,
            0.0,
            0.0
        ],
        "lens": 15.0,
        "sensor_width": 36.0,
        "sensor_height": 24.0
    }
}